order_confirm_time,true_kpt,rider_travel_time,rider_arrival_time,for_time
1126,12.248827554180252,11.546299217351223,1137.5462992173511,1135.8532147010724
1238,25.70829216108306,14.737638446522174,1252.7376384465222,1253.505073175675
769,16.16547619529872,10.3539838370305,779.3539838370305,779.3762056636424
510,12.861035431983273,8.715861807471297,518.7158618074712,517.9734549703521
189,16.110394507823717,7.696070494170769,196.69607049417078,196.6716153166767
646,16.77775658561216,8.199238449682266,654.1992384496823,655.1466782707289
1363,18.895963172575023,6.6967067309505,1369.6967067309506,1381.1596212898878
1104,16.87782316920347,12.467634736309567,1116.4676347363095,1115.2467910863384
1413,16.614998986391488,5.819749177381889,1418.819749177382,1418.6434635154562
201,21.00446385974764,10.655914948161588,211.65591494816158,223.76798593764485
455,18.927660622491224,17.968030273816126,472.9680302738161,474.87404712141125
878,18.295952992144922,8.618083687120638,886.6180836871206,887.6752059133395
379,10.234861053917488,6.856388192254558,385.85638819225454,385.81285138978103
1152,13.623495448768036,11.746368384139117,1163.746368384139,1167.3989923679546
288,18.49220129605481,10.520806190994413,298.5208061909944,304.6995309297962
502,14.440060897465292,6.680995077981915,508.6809950779819,514.0476476493039
725,14.63994939209833,13.010598693676073,738.0105986936761,738.9835622274319
1241,18.97797731947971,7.660894358020364,1248.6608943580204,1247.8169979976765
206,13.006808049923993,9.817407737575762,215.81740773757576,215.90445480581394
563,13.504963247670663,15.382842529025758,578.3828425290258,578.9635320707558
230,22.38947022370758,8.445189345179058,238.44518934517905,238.23302792346743
1109,12.865656029801386,10.879177736936716,1119.8791777369368,1120.7758081206478
1012,16.285584350281397,10.943538687589514,1022.9435386875895,1023.0406162369375
1371,19.843224952664446,12.172249754577631,1383.1722497545777,1382.9164851176188
1306,21.36866810069778,9.12414198752314,1315.1241419875232,1327.3788950139826
648,13.827064333124266,15.835346843460357,663.8353468434603,663.6820103859442
663,14.193571441669954,11.212152570443616,674.2121525704437,675.3074578247355
441,22.019793693296467,4.243686354102875,445.24368635410286,445.21717247865365
1104,12.791169883869935,9.747504744456467,1113.7475047444564,1115.1810202317463
1076,20.328968542746523,11.01946289255993,1087.01946289256,1087.0120827426153
835,13.928377583719035,7.932417368607265,842.9324173686073,842.795126364928
197,22.006607823468123,13.654151313269532,210.65415131326952,218.22769177486117
1224,10.047318374346558,8.301106811191683,1232.3011068111916,1234.00771176487
402,19.367947078176897,12.662534843248807,414.6625348432488,415.2680179740965
488,10.402878828830985,14.649803215052618,502.6498032150526,497.62635003087775
472,10.572438130855756,10.616950402020011,482.61695040202,479.68547142746326
262,20.21930305459329,11.579344484004087,273.5793444840041,279.00433658547087
1327,15.923169292661521,10.188473799199548,1337.1884737991995,1343.9263620233537
1014,8.81524644560959,6.0386301607471715,1020.0386301607472,1024.0505281366318
586,21.08535398490055,12.561993359484703,598.5619933594847,600.3505872168103
98,14.285045326462367,4.196289413496851,102.19628941349686,102.19143246884583
815,13.083383468670483,12.30993207979238,827.3099320797924,830.6201625134782
400,17.090592609777932,4.340415862643085,404.3404158626431,414.45345228826176
37,18.601936210190985,9.965669657590814,46.965669657590816,56.428644385438275
26,15.065009459389534,14.360602231471951,40.36060223147195,38.25219892502644
815,14.827351719525957,6.787322505816663,821.7873225058166,830.7922965500123
476,18.034878547843125,8.953296451681746,484.95329645168175,493.77966895928034
301,16.707954029743583,8.642613302965993,309.64261330296597,310.4196630978696
1184,10.36976690394261,8.461104047093134,1192.4611040470932,1194.716128755645
685,16.926586898644185,10.692861168835398,695.6928611688354,700.3087131158634
961,10.723797405600946,6.918814723193209,967.9188147231932,968.368588761682
758,23.894621719429807,5.3456981677280435,763.3456981677281,780.8736352802746
827,17.575238431530238,21.558194471964164,848.5581944719642,847.2370010874744
399,19.94101305252056,10.205053753311487,409.20505375331146,408.7956449227399
853,10.432937313387924,8.634900478037302,861.6349004780373,863.7326047460671
304,15.70453684035661,7.32063917911233,311.32063917911233,319.0349023455671
1076,21.051993165683193,9.546292103523312,1085.5462921035232,1087.2100618929715
935,11.303817842724463,3.924572240027178,938.9245722400271,946.6767264722633
830,22.964908971297323,8.698175202969844,838.6981752029699,840.4794662799962
1081,11.612921661426217,9.653579770228802,1090.6535797702288,1091.4852883472047
1141,19.726908450437836,13.799220566118624,1154.7992205661187,1156.9213767631313
246,20.162326302755734,10.259697443567664,256.2596974435677,255.66681471110732
1109,17.219097140731144,12.32390216028801,1121.323902160288,1121.3044600193884
550,10.337041717194595,8.556255598529482,558.5562555985294,556.1494537091244
521,15.009068055973382,12.267805845374957,533.2678058453749,537.9543337897709
335,22.72237419353896,9.392627422505347,344.39262742250537,357.8441674077733
851,5.513115087556711,13.841622285032392,864.8416222850324,860.7791818368693
1291,5.239561002387491,11.317981420310304,1302.3179814203104,1296.0225652252605
284,12.567836169738197,10.62279478385716,294.62279478385716,294.0334300269129
1219,19.248010485105123,6.871115819191447,1225.8711158191913,1240.9009538217433
1399,19.0643105941948,11.888886525770836,1410.8888865257709,1411.440623536236
191,11.449360210362581,14.832460928177507,205.8324609281775,206.36042135520398
1008,11.653986359093935,13.485811953240324,1021.4858119532403,1019.2186239526394
278,20.49388425993595,8.776253941686113,286.7762539416861,299.0171303718809
61,5.0,9.770403815945361,70.77040381594536,71.16244570567795
734,14.37737376203158,10.290987894978155,744.2909878949781,749.5676878129053
884,16.009537209013978,7.585789944773512,891.5857899447735,899.3243594725527
1065,16.246572708109777,15.440999727636722,1080.4409997276366,1082.055738498345
1032,18.069206707377123,14.073642364299964,1046.0736423643,1046.3186089354087
169,12.46528412314435,12.658605898388126,181.65860589838812,181.4249027190741
28,7.759578292513379,5.777608676870335,33.77760867687034,34.431123405904536
1438,21.800556831240858,3.0,1441.0,1459.0974832339998
713,13.48837878961846,9.986311513029111,722.9863115130291,723.3090300733672
1024,10.863845282238385,6.687334634358601,1030.6873346343586,1031.4489064756563
1392,15.287064738781854,7.4676768027737594,1399.4676768027737,1397.5709295825907
79,17.995466629145707,10.67227744543125,89.67227744543125,89.68486984621305
1250,12.640401293549294,10.651619433679194,1260.6516194336791,1259.9498059911516
1396,10.164444726995168,7.308291005916082,1403.308291005916,1409.216104641497
970,14.445340321852449,12.928927379443309,982.9289273794433,982.7658966374909
89,12.00303677277989,5.942648335270009,94.94264833527001,94.38422796583724
868,16.708779878885796,15.628512517647659,883.6285125176477,884.1998600279744
924,19.852619100066054,9.631633752527456,933.6316337525275,945.1504055825732
449,8.841346162450872,10.568754760481767,459.56875476048174,459.46076979612866
1262,22.635506299462385,10.88643257326955,1272.8864325732695,1271.7890867047029
826,16.378175789437037,10.836169104911983,836.836169104912,835.2417414461175
822,12.003124885231136,10.778167926999082,832.7781679269991,834.6078214658944
770,22.58116661466948,10.937375443293842,780.9373754432938,791.6810356717109
1101,18.114249661737492,8.030413145593547,1109.0304131455935,1108.2513329163455
448,20.302234070552338,14.624112990754547,462.62411299075455,462.95642700273413
673,11.257567317217232,13.82638974596086,686.8263897459609,686.7348236853111
1077,17.06856399976037,14.026265512917746,1091.0262655129177,1092.423059091688
577,13.050448044951109,10.609340643839518,587.6093406438396,590.1495935035499
797,10.657090314761502,10.34923294036227,807.3492329403623,803.5986286045735
1358,24.806517359818187,14.885846636713875,1372.885846636714,1380.0463144433884
132,14.026648690612602,14.259018932631234,146.25901893263122,146.28273082772952
204,12.593308253601373,11.126764203974936,215.12676420397494,213.7551748242518
110,9.49374047576444,11.463019824769882,121.46301982476989,121.40034072749671
92,19.775711602506192,10.228144119689155,102.22814411968915,102.58110409522806
1028,8.598544358823721,6.095190022774,1034.095190022774,1035.778116487147
523,26.908183972539753,8.339052083958453,531.3390520839584,547.512428187362
1096,14.79186982856538,7.29965302577826,1103.2996530257783,1108.339763820169
47,15.208326335626914,9.663015850927511,56.66301585092751,61.76638713656047
624,15.890642128805322,10.106906379551369,634.1069063795513,639.8202482518803
27,15.28279474794584,8.120427451934368,35.12042745193437,37.898534635461886
525,19.334245316710714,11.413110494254063,536.413110494254,541.9947084490606
1215,6.704542058061717,7.73094776414709,1222.730947764147,1221.3086940545493
1296,11.767135578787368,6.755355989156815,1302.755355989157,1302.973578721688
1417,19.552820611855402,9.976082076050147,1426.9760820760503,1428.4560262149403
110,17.007802840629992,14.940847031161555,124.94084703116155,122.99266679790445
612,20.33728086117376,14.187195807785692,626.1871958077857,629.71798228115
314,15.138454658081065,10.382096435611468,324.38209643561146,323.73145386648963
842,12.56437308117652,10.52189898750871,852.5218989875087,856.3801169756614
645,14.956047218483222,11.354233595942494,656.3542335959424,661.0887274795213
714,19.159090880526314,4.991784156635885,718.9917841566358,734.2458112652861
325,18.202910034745756,7.555647616029107,332.5556476160291,345.17789604614717
138,18.82102194000954,9.406111093896055,147.40611109389604,157.77467812865774
901,10.697933173580239,8.846333367310525,909.8463333673105,909.2443646884142
328,18.801255473176802,11.589412533745849,339.5894125337459,341.0309811544038
1118,15.84864642195187,10.268181757436949,1128.2681817574369,1128.3547715449097
917,14.221613823039602,11.595750676656538,928.5957506766565,932.6143160763445
1314,16.972260711891483,8.73704655753921,1322.7370465575393,1326.5560476085438
1065,16.80389212336714,13.603641766491835,1078.6036417664918,1078.1955663934702
799,5.646040394870722,8.945459547876073,807.9454595478761,801.4855365213837
1248,15.080267093219655,12.060495371627939,1260.060495371628,1257.720902369113
103,10.575920290410075,10.860823783672894,113.8608237836729,110.61874779885038
1038,20.718770216034645,9.961767548534896,1047.961767548535,1060.827560647733
922,12.563024880394261,11.211461676037917,933.211461676038,934.0417974925822
1277,10.719580870455664,11.976115377129261,1288.9761153771292,1288.066957760044
864,15.435176140733363,7.157975860173627,871.1579758601737,873.4151741412668
14,10.331809453685377,8.667120219771665,22.667120219771665,23.044420712816517
843,21.652192816345416,15.997951618749411,858.9979516187494,867.0161409135891
1277,16.79085922680674,10.51178261074259,1287.5117826107426,1288.3473480090925
814,19.068442879783255,5.496506654970739,819.4965066549707,834.8041409531096
682,10.317429912516317,10.328184383814678,692.3281843838147,693.7689631603137
887,11.986760973473423,13.905547504480285,900.9055475044803,900.5762737974245
1369,12.648592766352781,17.61607330521246,1386.6160733052125,1387.1400259723202
968,11.017485206712065,11.982325695166422,979.9823256951664,977.1870024467194
243,16.23051841145091,12.469511751885744,255.46951175188573,255.54282971907415
1233,19.202636251257783,9.884524839940777,1242.8845248399407,1253.1460124616533
1203,7.351178484135961,12.413317330332596,1215.4133173303326,1215.256103436968
62,10.46548252929123,7.838103294090449,69.83810329409044,70.28350211850218
1384,15.071059444080985,9.193333928335509,1393.1933339283355,1392.086808019594
1383,27.866799016249303,10.177655302043465,1393.1776553020434,1392.3951115968089
722,18.371402343733877,8.655918580599309,730.6559185805993,736.1232061950735
285,16.515528330502892,13.499502489775319,298.4995024897753,298.73431657657085
501,24.090098039805575,3.7648700352431703,504.7648700352432,522.6088178844304
830,13.50681104100741,7.8525703933941475,837.8525703933941,837.0239123570564
161,19.608173591769237,8.91432708630099,169.914327086301,169.844737263388
1201,13.71591486037134,13.072859745338171,1214.072859745338,1213.1748704387032
327,11.879853531797282,10.296237332912003,337.296237332912,337.1658921869248
1006,19.30982542530078,11.870198316749054,1017.8701983167491,1027.809436064123
451,17.101622935922602,4.920201475870631,455.9202014758706,455.01966859068347
329,6.651104139657999,15.294060802788156,344.2940608027882,334.6056580986199
745,20.245046129184445,8.624464457420572,753.6244644574206,754.7130047350431
260,20.926051457554447,7.98988241933396,267.989882419334,267.6229092204536
853,17.36198321419679,8.934903017059828,861.9349030170598,870.8769296833622
58,15.571138243310198,10.450905284385632,68.45090528438563,70.6061448228187
1382,18.36128642206886,11.852169429160977,1393.852169429161,1392.6519994327593
665,8.557763101213375,10.302452266762156,675.3024522667622,675.4982975218599
933,10.10813611192484,9.55391072766334,942.5539107276634,941.87466881095
587,16.28014867156938,12.948072951836542,599.9480729518366,601.2726328884426
1424,17.551481947911615,4.477377306005064,1428.477377306005,1438.9923280144403
129,17.588295102345615,7.822768560539603,136.8227685605396,135.38840359338076
148,17.905110049329927,9.324982289888874,157.32498228988888,168.32029439019044
186,17.869834796008377,4.739278846273939,190.73927884627395,191.23259674715484
68,15.92418061847437,4.735639478274297,72.7356394782743,83.67639266099324
1267,14.973317645816683,8.02369352265593,1275.023693522656,1284.271864298388
72,11.484117874370563,10.539536256184178,82.53953625618418,82.20468398380807
938,10.276546562317849,16.908735693169337,954.9087356931693,954.6009500764895
816,11.705507890118986,6.041956332587784,822.0419563325878,827.2530174521016
215,18.458103404754336,13.858445365319328,228.85844536531934,235.1334982815553
1223,21.839926537212072,9.789502865624058,1232.789502865624,1231.128541932108
488,17.148091095662927,10.623063061489333,498.62306306148935,499.4415477961279
334,15.66923827123,6.756830378775213,340.7568303787752,351.77554397789584
826,14.802224230716725,12.044502092117874,838.0445020921179,839.8713238659087
614,19.432587062845272,10.28836233082295,624.2883623308229,623.8260870421178
187,20.094434976112403,9.849642472974248,196.84964247297424,202.93439985441861
38,8.579295579550184,11.237711189932368,49.23771118993237,42.71992638692187
920,15.726481198705198,15.140721972466617,935.1407219724666,934.9226180740927
738,19.97928764359247,10.246851967826272,748.2468519678263,760.1102483937232
1062,27.98852321617192,8.04888716778992,1070.0488871677899,1069.2428568481193
1382,13.99604066979633,15.213188286233379,1397.2131882862334,1397.3816644456483
1165,18.930874600946012,8.643015503096498,1173.6430155030964,1180.748245609194
948,18.183157422064074,9.895945337839656,957.8959453378396,958.1301600703762
1367,11.757240719703146,12.4055719961205,1379.4055719961204,1380.4203262351216
225,16.038063441140324,13.501308743150908,238.5013087431509,244.28028055671575
1353,14.358942369524446,8.49658009816429,1361.4965800981643,1362.011852951151
726,20.970909812755345,14.261512743969565,740.2615127439695,745.8294172252564
215,14.564455783188052,12.836229699931398,227.8362296999314,225.07312138520038
634,10.608144064536079,11.630497308368026,645.630497308368,646.775363372347
954,10.171912000614242,7.439757880751037,961.439757880751,961.2043011585463
913,15.510644604355168,8.447166102891487,921.4471661028915,928.958220507633
1063,15.216358473721451,13.091420261307489,1076.0914202613076,1081.9463649417164
39,19.10241219135613,5.081811197007831,44.08181119700783,59.02750929665121
1170,13.108535582314854,11.640338062495719,1181.6403380624956,1181.175831136993
556,10.24834515901641,13.200024068767462,569.2000240687674,568.5869363399078
421,15.974264106009235,9.523976668868091,430.5239766688681,439.05467596245654
425,14.526233132107988,8.889029894208111,433.88902989420814,437.8591151575494
81,17.09126277393,11.20123608771531,92.20123608771532,98.4734609099698
16,15.232182740780743,9.15067299629424,25.15067299629424,24.26864565508681
364,13.461108825234996,10.657450982991817,374.6574509829918,378.5371535348287
1435,15.239770251415528,11.823689529149618,1446.8236895291495,1447.010298652306
1219,17.593198238067835,8.12587983051369,1227.1258798305137,1237.5740373814733
400,11.981098804689655,4.570123297057882,404.5701232970579,413.9111287268161
209,16.835511333940335,8.42258383806113,217.42258383806114,218.9881078672955
569,14.67124869463506,12.034898233576122,581.0348982335761,580.9868687028619
38,21.493298670821677,10.323039609179816,48.323039609179816,48.78676346657025
1107,17.889084454405697,6.159086803987317,1113.1590868039873,1126.633999110966
747,5.766137827642993,8.299991762469684,755.2999917624696,756.2421582676335
1186,19.30048192071535,10.222618641400466,1196.2226186414005,1195.9932160386702
1294,27.577731039371123,5.0307588835745305,1299.0307588835744,1298.872103387706
198,9.066792413174763,7.166893667370842,205.16689366737083,205.4901394302798
377,21.246008837437667,11.474213701058492,388.4742137010585,387.79782139899925
1016,24.00470216455408,11.333965557000877,1027.333965557001,1026.3386101930769
385,11.826974823533217,12.987256710044068,397.98725671004405,397.53495039079496
606,5.0,12.705474401085072,618.7054744010851,613.5493546771295
101,16.289984960600332,11.407350129343188,112.40735012934319,116.64327253602792
1333,15.238017759071756,14.510194905301452,1347.5101949053014,1349.992742340223
241,16.04191403973776,3.874795394727128,244.87479539472713,244.60560926304575
115,14.56930777258318,5.8438844029908035,120.84388440299081,127.35466874589056
89,19.94441368654509,11.86992941996381,100.86992941996381,102.26928485654982
8,19.623168414563843,15.435940372404614,23.435940372404616,28.33901987194738
1341,17.590334719225456,13.923959911420315,1354.9239599114203,1355.5753691923474
1413,24.88272136864114,9.406140620295009,1422.406140620295,1440.5172778221036
808,13.890437736032235,6.35644313305219,814.3564431330522,825.3548682410036
1324,20.375414105179814,5.327251642414799,1329.3272516424147,1330.381615190802
684,17.6141774401775,8.278899988184262,692.2788999881842,707.5441981436189
913,14.516855466883896,6.066336969474655,919.0663369694746,929.9137453725473
1082,9.36086389749347,11.692832164080208,1093.6928321640803,1090.8461108226468
861,6.657079630612053,9.724722028001498,870.7247220280015,868.6626590726936
804,8.871171684988294,5.606875359370539,809.6068753593705,809.7475579621973
1140,25.00868551265068,14.70612703303279,1154.7061270330328,1161.9216098889804
931,6.835238597290083,8.281694726354422,939.2816947263544,940.7883192967419
910,21.900456770737257,12.247907252192508,922.2479072521925,921.5306193022363
477,12.2484742307729,7.985129896185845,484.98512989618587,489.8960744859848
1004,13.542550105032548,7.318397051485568,1011.3183970514856,1011.178891575999
13,5.0,10.705599486564102,23.705599486564104,17.275118117193735
27,9.40165052686928,12.421879374433253,39.42187937443325,38.17611331533355
459,7.220506747550522,9.182812088500572,468.18281208850055,468.2596339795608
843,8.585038879057151,9.222248672259322,852.2222486722593,853.4559355936353
971,10.808062544410575,11.561993261602627,982.5619932616027,982.2403582103852
155,25.383739917804206,10.521724124969515,165.52172412496952,182.56261333652506
333,15.241925591429018,7.937369645981226,340.9373696459812,349.7072057458602
836,14.596417099457089,10.572813252319946,846.57281325232,848.8072906346296
275,19.58163837351241,11.039465427693978,286.039465427694,283.93854656624205
1317,29.688764235838867,13.32454845021255,1330.3245484502127,1329.284642523087
374,13.027890764607397,8.718143123176803,382.7181431231768,386.11101688423355
85,12.030817455007732,12.415578024342844,97.41557802434285,94.59287240993548
426,14.8455618221421,16.010221801546315,442.0102218015463,441.24775991557203
587,20.25327198003806,10.594868132115597,597.5948681321156,606.7340603351391
1024,18.19365111014592,6.570985261808549,1030.5709852618086,1029.7993569393916
1243,16.48314159838088,11.027283295663825,1254.027283295664,1252.9156579679252
1184,20.02571286639009,9.24285986960665,1193.2428598696067,1207.2531354045072
1347,17.2676715075699,13.669570316279975,1360.66957031628,1365.6561383285418
18,17.98700034924929,12.103518226932696,30.103518226932696,38.566513406000034
1367,13.693000375224386,12.938778852522598,1379.9387788525225,1378.6039750143036
1088,8.609887082818119,5.068777853235827,1093.0687778532358,1094.6271023839056
304,5.0,3.546311146387991,307.546311146388,309.3146094547848
1290,23.210075800681846,13.029451268027902,1303.029451268028,1308.7118843445699
327,11.585038348244385,3.0,330.0,332.2909425725907
1177,6.846633162923679,10.512912914704657,1187.5129129147047,1188.5353538670984
497,5.0,10.538250438493806,507.53825043849383,505.6415607534307
618,13.73657155999518,11.176253589102608,629.1762535891027,630.2286423822618
963,13.59662461566613,7.388282151214732,970.3882821512148,969.4040097759223
750,27.278880997812777,12.936680619738176,762.9366806197381,762.2198143993805
588,22.793399550444914,7.052537819385071,595.0525378193851,594.8279046693881
1374,16.646578925758877,11.184477233223104,1385.184477233223,1386.1334172230606
444,11.689437415877952,14.192244109181116,458.1922441091811,455.5391490822579
1399,9.991158607176727,10.20541410558601,1409.205414105586,1409.4529119024232
1243,26.25227383908135,7.894024936579734,1250.8940249365796,1267.9264720039796
377,18.698749699391296,9.238759957517248,386.23875995751723,392.462328109965
49,16.87535957341389,12.078097977982639,61.07809797798264,66.79044484581004
856,16.197387308529482,7.653947089277178,863.6539470892772,862.4663486702476
482,16.549103551135136,9.759222861377362,491.75922286137734,500.735645362055
661,15.219057359895547,9.558993995114534,670.5589939951145,673.1451614398429
589,16.33875612182231,8.358714107838695,597.3587141078388,597.5222874434274
1343,17.07270907189894,7.683087924020574,1350.6830879240206,1352.360788738097
458,12.232058791460027,10.908056046987957,468.90805604698795,469.1637620920838
1190,11.256823429818335,12.604309428873789,1202.6043094288739,1197.99382178705
1376,22.90477147451601,8.052167364801978,1384.052167364802,1382.8282270980399
560,17.466916502057614,12.89622392330614,572.8962239233061,571.5508554710707
66,19.12007415299176,4.018793072285634,70.01879307228563,70.3928496421332
1153,23.362861934188516,11.257057028098135,1164.2570570280982,1164.3534907468916
452,11.595563589804591,11.616267977339108,463.61626797733913,462.6955943842598
207,7.219966336131584,4.5342858020429375,211.53428580204294,214.17992853744272
236,16.91805985393966,7.740105326984327,243.74010532698432,254.49669107764888
1107,11.254103796854348,10.676028261067202,1117.6760282610671,1118.521185606419
737,14.237650818097281,7.953896850402057,744.9538968504021,743.7794069679089
769,15.435932021032151,12.124267365570029,781.1242673655701,780.0209007593962
1219,5.0,11.095902979065366,1230.0959029790654,1226.8041442944357
243,15.409146792737825,9.703331040426573,252.70333104042658,253.27177204668274
947,17.997970566407467,8.36121948690731,955.3612194869073,956.342288140582
858,9.817120418218513,13.939205546766145,871.9392055467662,869.9889115498818
792,17.373491164399763,4.0925581420793575,796.0925581420794,808.9369888369141
832,21.951037745086566,11.673430919055587,843.6734309190556,841.147712285453
1048,15.319783934554664,7.601383236301948,1055.601383236302,1055.9529311951278
963,17.5387883515575,10.161965255337378,973.1619652553373,973.2264396701474
988,5.1226671682306435,10.849898255320472,998.8498982553205,998.0566163614868
253,6.717835674144247,13.769309027035568,266.76930902703555,265.4380792343215
344,16.391645306101076,10.446002371606335,354.4460023716063,359.717473363865
82,11.454368075490436,12.563381880384082,94.56338188038409,95.50063996994803
784,22.60665080666083,7.801739110930012,791.80173911093,791.100067200906
419,5.0,12.80295973371782,431.80295973371784,431.674452252862
482,19.946847191410654,6.489660921821922,488.4896609218219,498.3428863162506
597,13.836640457400007,6.860566172126715,603.8605661721267,614.3351237014871
900,18.970085367705668,7.017681300873422,907.0176813008734,918.9082073733945
702,6.285878341332124,9.985114047879886,711.9851140478798,712.7174591023015
1250,8.80852155811977,5.884296571205931,1255.8842965712058,1254.270735173329
20,16.45724961605903,7.807954108588659,27.80795410858866,37.10760320911716
231,14.166379834565806,16.471924639796512,247.4719246397965,243.95494998855915
725,21.50870644699399,14.684533590180557,739.6845335901805,738.4932434508927
1439,15.313426984434367,9.909653598699702,1448.9096535986996,1449.168871617043
1223,16.184807078560212,8.635539052334641,1231.6355390523347,1230.288412762805
435,10.141929807446743,12.040796137886442,447.04079613788645,448.1986109799104
441,16.412717630533965,7.87644196977045,448.87644196977044,459.4048130021456
920,11.216024557152696,9.365991743347022,929.365991743347,930.9812228388428
118,11.782408848099285,12.783520384243712,130.7835203842437,132.6936462282615
350,23.996357875094997,17.090900331026155,367.09090033102615,367.51225989907516
521,17.78410420387499,9.368889524316863,530.3688895243168,529.3240803302958
123,5.1682170531199905,6.656572519385963,129.65657251938597,129.28759307427606
1195,16.052352707652425,9.506310786974218,1204.5063107869742,1212.773299684372
38,12.084612807155308,12.512688110075118,50.51268811007512,49.699042754015444
301,19.442994401654374,12.203347100462963,313.20334710046296,320.8050375190618
234,8.515840260220767,10.883574227361567,244.88357422736158,239.08084879193925
769,16.998439758763208,8.045929318624513,777.0459293186245,786.0593974592945
87,7.5403192676431265,7.078751056125772,94.07875105612577,90.99509901101149
1376,5.5041180604226625,10.235288197055928,1386.235288197056,1383.0108013026315
1390,16.90579192441389,9.464170076357966,1399.464170076358,1400.4817109929647
1209,13.954883713569874,7.448438637372099,1216.4484386373722,1223.4762093798706
301,7.9974601986252845,6.412350813894447,307.4123508138944,307.85695348211453
1036,23.19470413672095,17.87525901886498,1053.8752590188649,1059.8196874972352
1037,16.596665948466928,12.480983167351953,1049.480983167352,1055.192271294566
1014,16.157563696477858,3.0,1017.0,1018.5637356160498
535,8.748767509398403,8.625589038358797,543.6255890383588,543.0333331448599
821,7.371718427149526,13.787752310281547,834.7877523102816,828.7339514475716
515,10.821189324895457,15.376467732281897,530.3764677322819,530.4575679763219
697,24.30657798618197,15.659843938268232,712.6598439382682,723.3547030378049
158,17.962634746005914,7.022971480375448,165.02297148037545,176.73440351217457
1099,18.481937237283578,12.865915625711532,1111.8659156257115,1111.9348115114567
739,19.004683198147312,11.083434311040605,750.0834343110406,749.5043540025612
830,17.400297900433415,5.903613933423459,835.9036139334235,845.351924251775
1283,24.27046283167094,6.016852312730162,1289.0168523127302,1307.2388234111468
77,19.250469946584044,12.627147587202941,89.62714758720294,96.85803056556506
137,8.116542296809591,10.422658740733612,147.42265874073362,145.65421937517078
756,12.082938220659353,6.097294730457622,762.0972947304576,759.3831874299666
703,11.002508334182567,6.665760963596695,709.6657609635967,709.6141168084316
742,13.628858214727344,7.002061727049588,749.0020617270496,754.9908428812216
1431,14.908415702785744,9.699537770560141,1440.6995377705603,1440.4958640203834
162,19.43165098030795,7.922015326509692,169.9220153265097,179.29314979240363
204,5.317406327459421,7.846529841844834,211.84652984184484,208.34868443891472
595,20.265287165076895,16.099915895810394,611.0999158958103,612.171040469595
1093,11.359216119661065,10.74123213341891,1103.7412321334189,1104.533878235492
198,20.798956226446528,8.869257323758312,206.86925732375832,218.5899935336928
20,26.77790129284103,12.38279403886548,32.382794038865484,31.128504615696233
983,8.651550064634463,6.779596966781643,989.7795969667817,990.0053139419383
597,14.179102941897474,13.052503687252544,610.0525036872525,612.7156860373723
1377,20.06033932351929,3.1475564275529795,1380.147556427553,1401.4078160704557
197,19.701608102704398,9.290073443406863,206.29007344340687,207.44036397432302
21,17.182799020788337,12.711804523258586,33.711804523258586,35.48166694393555
1109,9.82813586038201,12.83347291717359,1121.8334729171736,1121.1442438469567
570,11.763796810059768,9.823354570291826,579.8233545702918,580.4718684518107
531,11.004039966748731,14.748361762366274,545.7483617623662,542.5534021147344
375,16.788121296619472,7.488042762005826,382.4880427620058,384.0706367274874
880,16.899339253545406,12.649329331441477,892.6493293314414,896.7436648595198
1011,12.40798550292239,13.622996349268739,1024.6229963492688,1023.8096417014798
708,13.973598629025105,4.507694654815402,712.5076946548154,722.3749022369365
163,10.283084753150321,6.628295599404721,169.6282955994047,167.76388995460456
1291,20.316874247854656,11.14023612532532,1302.1402361253254,1301.0216167908918
282,13.326123339467296,8.78905461027401,290.78905461027404,291.0870368466515
612,18.80452371578454,16.187574757729436,628.1875747577294,627.1200418434752
543,16.700588532023225,8.372595799881411,551.3725957998814,551.3635092251552
1012,16.515614807959217,13.446200448788318,1025.4462004487882,1026.8785424800058
1125,16.949434097361976,7.682890647057099,1132.682890647057,1132.1588940736017
226,8.713943625712313,11.015451530385073,237.01545153038506,234.12314080543425
645,9.967287173601793,13.419635683387137,658.4196356833871,658.2542366652436
724,21.529849586635944,12.210273266323265,736.2102732663233,744.3959276355295
985,12.714808320688014,9.094346484428344,994.0943464844283,993.4959786741981
545,23.20523314864479,8.011858684411209,553.0118586844112,564.1458854131656
952,24.719384465543015,5.13126625764648,957.1312662576465,977.5780465091829
930,16.91220708909649,9.047280403528786,939.0472804035288,938.3718189586731
1070,16.41643935773071,9.223285078887768,1079.2232850788878,1078.7140898384023
190,18.88765620407472,12.603540829093886,202.60354082909387,202.22545472811055
142,20.14341305348196,6.049753459533829,148.04975345953383,162.84467325202908
844,17.445935650738317,10.846622928669804,854.8466229286698,862.9390558421004
218,10.168438071174338,10.450408349114154,228.45040834911416,229.55748901840113
839,14.39809418023201,9.28516461790125,848.2851646179013,851.3706181974003
595,14.753115482219075,9.091106635294214,604.0911066352942,604.6319758577755
283,19.423755273816568,7.193683893866214,290.1936838938662,304.5957195061667
786,16.836436567006704,15.514551030385368,801.5145510303854,799.6293509783643
1226,13.518662782455591,11.966831194758674,1237.9668311947587,1239.4945548142825
987,17.14156481236748,12.697407141062476,999.6974071410625,1003.9326663752926
880,14.155891384049946,8.325671926882132,888.3256719268821,886.6335530383249
493,15.350260815565907,13.485634907824572,506.4856349078246,506.8331652839827
1012,20.817543839774935,12.92559288934729,1024.9255928893474,1033.8197321796547
1088,9.397886700441916,9.670186853889449,1097.6701868538894,1097.3212021572658
532,13.22458050887977,13.66540165755644,545.6654016575565,548.7237431194247
131,10.942551611332378,11.166160369153326,142.16616036915332,141.2701615623388
346,10.345594029032979,10.13080733911736,356.1308073391174,359.73569610989443
1285,15.530893839111059,8.591343462816,1293.591343462816,1300.1605633811614
440,7.035986003237571,9.339416118976127,449.33941611897615,447.27156139254015
1314,8.560263052410003,3.0,1317.0,1324.8782935422043
880,15.605589991686026,9.07237276885041,889.0723727688504,894.1012771805048
703,5.624137651771278,10.345078237442252,713.3450782374423,707.0658343479147
552,14.028342272898358,10.396410164007943,562.396410164008,568.6895763439176
182,14.907209971169662,13.228438937920039,195.22843893792003,195.49039643734875
18,7.4314280369358645,12.494047801189762,30.49404780118976,25.06847137777747
1291,9.009079836988322,13.08766537370168,1304.0876653737016,1301.6304871476884
849,17.675867355245494,12.455891985339695,861.4558919853397,864.2658603130475
419,10.559260521363118,9.079356553937881,428.0793565539379,427.94809958684556
1401,15.38425941479384,13.403441560252956,1414.403441560253,1413.5910365612633
104,19.04492757516488,10.915959338641198,114.9159593386412,120.7633687577931
712,15.034015491963856,12.859409901739735,724.8594099017397,727.6082638223675
666,16.04956044820935,15.059917557413034,681.0599175574131,682.6834456822337
234,24.50467806497287,18.034329620915177,252.03432962091517,251.5486784448245
1236,12.149270603584823,11.855453538359566,1247.8554535383596,1248.9033956001117
419,13.323021386131035,6.41908950473056,425.41908950473055,426.3382436783406
1053,21.962326500321645,9.249860456203141,1062.2498604562031,1071.3237106429924
559,11.534065863817904,9.765188008589755,568.7651880085898,569.8428468344244
1313,13.73372544987395,6.356622157742016,1319.356622157742,1319.0485878735562
1171,18.898302661346698,10.682959847893912,1181.682959847894,1179.567039852423
1006,14.246970402815784,7.858738431188048,1013.858738431188,1014.8235900642856
929,23.07791411774116,10.81561948831005,939.8156194883101,954.3941358137897
1054,10.95198240039177,11.27218313339227,1065.2721831333922,1065.2776756836356
74,12.621473681344016,4.6981079406682715,78.69810794066827,77.24713467822718
124,5.981092891109109,8.935038147660135,132.93503814766012,131.37500170013058
785,13.33090255121995,5.38100044218004,790.38100044218,788.8947234122297
67,14.908482579892553,11.19173382772436,78.19173382772436,80.87599840587423
342,11.617474392754321,4.596826797541783,346.5968267975418,346.05415299780776
761,14.159280907076052,8.583728266908619,769.5837282669086,769.6448438762759
1408,17.469759359968602,6.781770922780581,1414.7817709227807,1415.021017786892
1134,12.390490929084226,11.69444244904879,1145.694442449049,1144.5863183973809
1237,20.303214652430825,15.88207381648314,1252.8820738164832,1254.009432059658
519,14.849278652395745,8.296882647343944,527.296882647344,534.3567579753849
1163,17.338465858827167,7.964411993905772,1170.9644119939057,1180.4898104469216
557,15.093901521582247,11.961135640768582,568.9611356407686,568.9091159523106
694,23.20763474322076,5.655830883877931,699.6558308838779,698.813088293863
1239,25.411743720477922,6.528040039046547,1245.5280400390466,1267.137091445212
973,10.842490285219515,3.401167844498338,976.4011678444983,980.4176113700909
771,14.46674354281802,14.171282423219147,785.1712824232192,782.6974503014288
839,19.815444991065164,11.780670166842587,850.7806701668426,852.9346677217367
286,19.42729479450169,12.367402075440037,298.36740207544005,309.9067808743574
276,17.30035303173719,13.436167565642059,289.43616756564205,288.904610628399
695,22.234667690997785,10.42281665677431,705.4228166567743,716.9872110184634
0,13.217641813158348,10.541749619825088,10.541749619825088,13.508119246721678
702,14.867393703754699,7.354376046316847,709.3543760463168,707.7141094070915
1381,6.837207985039534,11.41096693158487,1392.4109669315849,1384.125532443139
1313,16.953065888646808,12.378798821457755,1325.3787988214578,1324.9053407278254
1381,18.141534627355835,5.177320406893077,1386.1773204068932,1385.4145956283269
294,7.036994578281957,7.727350866282155,301.72735086628217,302.8776468925836
912,16.39921330498804,10.236688289795525,922.2366882897956,928.4454907511844
1076,22.406192742944018,8.5642676661356,1084.5642676661355,1085.2422114510882
1097,17.03042598508117,15.401533544532562,1112.4015335445326,1113.640479897472
159,5.0,15.4019758898907,174.4019758898907,173.31744209659865
1053,9.918754127708754,6.533123554993414,1059.5331235549934,1063.049290518394
1035,5.833294177467836,9.91574840322106,1044.915748403221,1044.3916600052864
990,15.76177436016861,11.680919323969317,1001.6809193239693,1004.5305170111735
293,15.948558643627626,12.704832743705222,305.7048327437052,306.18462018668936
1180,14.13056679205416,10.55470245078693,1190.5547024507869,1192.0246366352535
611,5.60219685994989,6.432781402588458,617.4327814025885,615.1037829445214
470,16.708644573702173,3.0,473.0,486.4400862493295
631,10.787997587316017,11.23142753168337,642.2314275316834,642.0629209007485
522,15.997439711387067,10.265972772884313,532.2659727728843,532.4632884802899
532,26.205672845103653,8.76915569208701,540.769155692087,558.1986568610865
870,10.149980162454785,3.0,873.0,873.0168907162425
226,12.459299011763445,9.556659043547585,235.5566590435476,240.9295426556605
30,13.399540095278049,7.506490342586005,37.506490342586005,46.23362773717328
951,20.747117180006363,11.719396158077496,962.7193961580775,971.5502392076951
775,12.830169289635945,13.823775625880543,788.8237756258806,789.6338379299333
939,22.739998769620094,7.7157773701455845,946.7157773701456,946.3871588943966
226,18.015937155411716,13.006255649771227,239.00625564977122,245.05033082448972
564,18.704121727100627,8.460359300585244,572.4603593005852,570.9350402103518
867,9.330922024565584,7.422736172907792,874.4227361729078,878.7215942605712
883,14.903698101328027,9.211327512375197,892.2113275123752,901.9395140289945
118,16.081584407842502,12.146143946323733,130.14614394632372,135.5179558592584
697,16.158240077419915,13.293527082664818,710.2935270826648,708.768821632677
1157,8.232200719328034,4.336525482248942,1161.336525482249,1160.6113923887326
54,5.0,10.766720961137107,64.76672096113711,64.93148180237363
622,15.25443850928009,11.559594556036807,633.5595945560368,641.1416446056464
982,13.883988726825974,14.469590315806247,996.4695903158063,996.0737615350746
488,14.101879998823815,10.450403902018655,498.45040390201865,499.086133438176
1147,11.524781699251303,9.87649156926235,1156.8764915692623,1158.5665546758432
1166,16.153504528593416,14.410962316109458,1180.4109623161094,1180.7363940746457
1113,13.124018098380315,9.046854709731297,1122.0468547097314,1126.9105565453208
266,22.06497377813415,10.064146633314119,276.0641466333141,288.82042910277744
862,9.149911747005438,12.545686103427244,874.5456861034272,874.3116662443202
558,17.331791872231673,10.496976830705597,568.4969768307056,574.5656250451265
4,7.14503322162664,9.953043815133494,13.953043815133494,12.263985365804597
14,11.403400049352236,11.366855858573615,25.366855858573615,25.107686049664775
1413,19.207641710198796,8.14709017181726,1421.1470901718174,1418.9352282604877
2,22.667168506481627,9.397752509341407,11.397752509341407,10.165610179526574
1258,10.806552381480534,11.20846516324893,1269.208465163249,1264.0552203592954
271,17.991246873149752,9.911695807271528,280.91169580727154,283.19002883643316
1113,7.4515362037322275,10.36344070554969,1123.3634407055497,1122.5410091282947
1296,21.58479418343352,10.080043171331608,1306.0800431713317,1318.7289797402434
1270,20.249921462856918,9.046658186991792,1279.0466581869919,1288.1349790784652
1062,11.250942964167706,11.686949861869774,1073.6869498618698,1074.0854698598841
420,8.747961330151412,11.8135459790661,431.8135459790661,432.2831177974145
789,18.570517498600463,8.689840791878213,797.6898407918782,797.6237081772523
1196,13.20829923989389,8.057374583094523,1204.0573745830945,1202.7132601127314
628,6.983697665920252,4.885908959511187,632.8859089595112,634.1386154451101
684,17.03238738619209,5.261153477782369,689.2611534777824,688.0499815485016
1081,18.653820595332622,7.588082803579066,1088.588082803579,1101.145996834412
1301,12.964818435366098,12.058955370870102,1313.05895537087,1310.884323171304
946,24.916931174258558,4.526677339970613,950.5266773399707,969.3936393619825
1132,18.89636943697082,9.128274690707913,1141.128274690708,1150.5181286554168
131,19.6082505596223,5.74387438735758,136.74387438735758,136.95752026887004
1391,19.4344369504865,8.73771461895684,1399.737714618957,1399.7488561820057
706,18.548206452529037,8.041126026226568,714.0411260262266,726.9749692523391
289,15.547353020236445,13.15758682404899,302.15758682404896,301.6534069930413
253,14.59238663449177,15.007686263920906,268.0076862639209,272.4612039009672
699,11.62145960419194,10.102457252464074,709.1024572524641,709.1584327963993
1340,9.884022443408528,12.98494500637706,1352.984945006377,1352.8224188782472
843,18.396866414782515,6.553617894524032,849.553617894524,860.8934050507975
305,20.668117359295245,7.438180874836922,312.4381808748369,311.51465548306817
495,22.2986593751897,4.839692347156545,499.83969234715653,517.4692956603197
1225,10.958671391795368,4.754855031577405,1229.7548550315773,1236.224858862069
725,18.252250462680696,5.490759094720546,730.4907590947206,731.4611524845675
1125,19.016825244105814,12.139183542779811,1137.1391835427798,1138.0993220492596
1104,20.409710298704248,12.986597407249242,1116.9865974072493,1117.2166681664407
166,17.48871544545697,8.74666060770466,174.74666060770465,175.688898759202
680,12.208491230269846,6.6995373010849155,686.6995373010849,687.7577443480288
174,19.687800611023825,14.902404980466605,188.9024049804666,186.75903765632924
1123,18.47768878782889,12.547306332229432,1135.5473063322295,1135.4870173408378
727,17.273975848211904,12.671149490559358,739.6711494905594,745.424385880425
1191,15.035315793140882,8.019036581579659,1199.0190365815797,1205.5594286984467
658,16.345120340687668,7.010824932498799,665.0108249324988,673.7853741683556
1118,9.414293365617448,6.963715342607268,1124.9637153426072,1129.5341661337106
518,18.08502974788349,11.278358579213984,529.278358579214,535.7186470564492
1014,13.153614303768984,10.430165402026754,1024.4301654020267,1025.1486704405572
1306,9.491034010400533,12.028930179992736,1318.0289301799928,1317.8915760060868
845,7.842410011383429,11.791824662669748,856.7918246626698,856.5459746836918
725,11.928816907256515,8.703286482506119,733.7032864825061,733.5399656752222
451,12.20502636059001,11.020178100582404,462.0201781005824,464.15177136864196
403,21.67827948572281,7.108723221368168,410.10872322136817,409.1515723064731
568,14.863550301801496,9.19823165673092,577.198231656731,583.089742577442
1435,10.3033663106703,14.540793923958335,1449.5407939239583,1444.0766446856337
424,15.481303882016912,5.66833126760826,429.66833126760827,430.0589251738075
207,27.269516729717857,12.403492059471768,219.40349205947177,238.49126200376642
153,11.391312233313734,10.530462616418195,163.5304626164182,163.4470783411439
949,15.928462948705297,8.796823449626842,957.7968234496268,959.6674868258193
1437,21.87266727345652,12.865826428712346,1449.8658264287124,1448.2107634363792
1375,25.682795644013623,5.275061591700928,1380.275061591701,1381.201123969513
507,14.33055536717142,6.979061579660077,513.9790615796601,518.4415206931669
283,22.151732994239637,5.852620225161725,288.85262022516173,308.2333046182291
1160,17.86028720857072,9.813426949002068,1169.8134269490022,1169.428043621477
261,17.102262386237793,9.929343547377286,270.9293435473773,270.75498928947445
1364,14.34263702164166,12.47814151432452,1376.4781415143245,1378.1556044446372
914,12.53776962834741,15.248751712616261,929.2487517126162,929.3006777857283
169,10.211458755551309,11.949884698461661,180.94988469846166,177.2652280351087
1337,5.612785573819455,14.786829469032845,1351.786829469033,1353.42102473561
1361,17.498425551514668,11.416006812757823,1372.4160068127578,1375.697586430853
869,16.033873899172082,12.607468193167819,881.6074681931678,886.8084555737056
690,13.031952813257032,14.409396778831864,704.4093967788318,703.8130015608963
795,20.37133806454933,12.997989133719262,807.9979891337192,814.8971840827783
741,6.92316774361637,3.8934074715463813,744.8934074715464,746.8240534717992
1162,19.29793943489901,6.125466696712585,1168.1254666967127,1182.1521340684824
134,14.930811269528814,7.930816677807479,141.93081667780748,149.43493195493937
973,13.11933809512932,9.913874229363316,982.9138742293633,985.811862950475
1364,17.71352198988362,6.883420630639359,1370.8834206306394,1382.8547479843228
802,19.840923302664304,9.687627537326433,811.6876275373264,823.400434295242
276,13.642592661965326,10.46656727786499,286.466567277865,288.65709355640547
566,17.847071334505177,9.623637219991299,575.6236372199913,575.9515167441507
1385,10.496764408861623,7.698138729324403,1392.6981387293245,1392.2234409596874
424,20.165592576999202,11.25302109545136,435.25302109545134,445.8595867523781
470,5.0,6.834464583690525,476.83446458369053,476.46723559336004
652,5.8191276778375105,7.698947419293999,659.698947419294,661.1766292972317
1068,19.879083596723547,12.75536333182724,1080.7553633318273,1087.3170443021804
1019,17.124830581237728,7.081150662050003,1026.08115066205,1026.2905975943465
1034,8.111912496228815,8.305677987487172,1042.3056779874871,1042.4182287024953
136,17.22517932058095,5.2420500632861255,141.24205006328611,149.46533055030284
329,22.448748036602908,8.4467399648642,337.4467399648642,337.97693127220714
929,5.207792289326811,9.873395817063871,938.8733958170639,938.0706705915809
294,17.167448587242614,7.581797323750585,301.5817973237506,302.4402484404073
1030,13.82689715021293,11.611946972632612,1041.6119469726327,1046.4955978021117
250,28.103965455149876,6.664098922677509,256.6640989226775,275.9111604828471
24,19.1911843978557,12.746251063690822,36.74625106369082,45.3379402424887
1116,16.807210184736626,11.015040000764772,1127.0150400007649,1128.1115092345758
717,11.871613562518938,13.99527091118366,730.9952709111836,731.0391442710126
898,14.815932469108587,9.404570454772733,907.4045704547727,910.1396143318624
291,14.564006756184254,10.463825288562333,301.46382528856236,307.9240974938066
81,21.000394782134308,8.524292657481384,89.52429265748138,88.44642084610419
205,11.556411667885424,8.126963830860328,213.12696383086032,212.94243847320448
842,21.44698431715012,12.9040194248219,854.9040194248219,855.5555414161613
560,9.311571647875917,14.33858399648618,574.3385839964861,572.9496924423131
718,15.519694170744495,8.262842356158238,726.2628423561582,727.469394292395
806,28.750535997903775,13.378889677972442,819.3788896779724,820.1521439992895
1234,22.016849850625952,12.093709817617082,1246.093709817617,1246.2445800308947
924,14.410629677092022,8.534860536210996,932.534860536211,937.0316740275249
857,15.953177956325122,12.823931742302449,869.8239317423024,872.7683810791184
1292,8.914397988235475,7.584827822969789,1299.5848278229698,1303.9252291892526
1063,20.169625715427788,10.856034521329756,1073.8560345213298,1085.0547628125003
1359,19.302280242111017,10.666798397344726,1369.6667983973448,1369.187461535904
857,17.82843539834695,9.81780576884352,866.8178057688435,868.4484735460811
194,27.098958665052315,10.515518019380593,204.51551801938058,205.06876923936537
684,14.269816971291009,13.871130253774677,697.8711302537747,698.9105253068168
998,17.483323671136873,11.84207694177544,1009.8420769417754,1010.3704697536432
886,10.25287836637118,14.304204938993031,900.304204938993,900.6538549862928
1143,7.175986143189724,11.118498975395896,1154.1184989753958,1154.5890137371566
365,13.352761068264543,12.195612112864886,377.19561211286486,377.4144630082129
1205,18.223141231588485,17.3483793968743,1222.3483793968744,1221.172076139951
780,21.073985284471924,8.207294092699101,788.2072940926992,803.2375187398177
802,8.438904032842968,10.718766642172506,812.7187666421725,813.2029257611055
206,13.976891243675658,10.014439922130355,216.01443992213035,216.47415133053994
338,7.362147530953369,10.434663499290673,348.43466349929065,345.4099536175233
682,10.80529373959849,11.225995850116504,693.2259958501165,694.9144807720526
650,15.994513310751637,9.380557044469459,659.3805570444695,667.1154761083615
1338,5.0,5.926627314226369,1343.9266273142264,1343.8056655038397
1037,20.62312749557931,9.801570145379,1046.801570145379,1056.3169441728787
693,17.791458373778983,9.518886998252656,702.5188869982527,704.4814741887835
856,15.018478359239237,6.064951748599649,862.0649517485997,862.9325838325059
1087,13.224756778139241,13.834988410956148,1100.8349884109562,1100.9280682834956
720,12.328434988619128,8.994586656485644,728.9945866564857,729.3369244909753
1135,5.033905882946927,3.8489550353126507,1138.8489550353127,1140.5203950226582
89,18.588453707197317,6.690451728075301,95.6904517280753,106.96336823299698
741,11.763422958349814,10.656977570001978,751.656977570002,753.1518286826623
659,10.819110592563515,9.778157303174822,668.7781573031748,668.3264978270151
639,8.059076449128966,11.909228639262142,650.9092286392621,647.1425218715603
954,27.81263829666258,9.500592615294313,963.5005926152943,982.2363956539663
87,11.983960519411891,8.090422830473193,95.09042283047319,102.23482423772946
1230,22.03763228769186,8.450711068337284,1238.4507110683373,1251.6446991208356
944,18.64955746441437,10.946025576701961,954.9460255767019,956.3804924460479
1094,16.285653262093106,8.0211931944423,1102.0211931944423,1101.316324740627
1381,21.15992235634818,3.0,1384.0,1403.2465156845128
1116,8.910381866174436,8.538391236415219,1124.5383912364152,1124.1864699185987
1072,8.228599727822592,6.990663951880064,1078.9906639518802,1081.9307381558638
1213,22.502856844813344,10.709253587079798,1223.7092535870797,1233.3768208616593
237,15.582191203316968,9.696883669354232,246.69688366935424,246.65612781950762
105,15.946159899529638,7.408122649494359,112.40812264949436,111.0246691314257
1112,24.162785217396006,12.4424552863548,1124.4424552863547,1135.334542881505
830,19.02945114273913,10.521883449057123,840.5218834490571,846.9513040099556
39,9.078199138439887,8.501847104225886,47.50184710422589,47.44944265364842
1061,23.520527581277456,8.726653890572555,1069.7266538905726,1086.5921780581127
1041,16.867405938660802,7.873644759260382,1048.8736447592603,1049.799042850057
876,15.158907840807954,15.71240976871902,891.712409768719,893.338368684081
309,16.478122443735476,5.450072351737626,314.4500723517376,313.5577469615492
119,17.0104412910147,8.233399519783912,127.23339951978392,126.39613708873422
1260,19.235591594898203,9.411017331923883,1269.4110173319239,1282.3574911930962
184,25.175163506829556,7.921047408005503,191.9210474080055,210.77665954947616
698,21.19118970323216,7.369022216468344,705.3690222164684,724.1499685406519
382,26.335900975491114,10.888554414193042,392.88855441419304,409.0863348898054
716,11.162894999641626,7.370845799664091,723.370845799664,725.8903159082854
1351,10.360330200311397,7.190480875631212,1358.1904808756312,1357.5227013191623
698,18.710764021882284,12.996449934334454,710.9964499343345,716.8707170114384
1309,23.05895295656198,13.514986935341652,1322.5149869353415,1322.1496509823291
605,12.003167530798404,6.66998928434222,611.6699892843423,618.5395819640619
713,16.07698252728144,8.701297543644559,721.7012975436446,729.7058803619854
925,5.0,15.174089949283324,940.1740899492834,926.8937358932624
139,13.492513182395632,8.290501215283724,147.2905012152837,153.15153065354167
71,16.12424408022819,11.456393573940225,82.45639357394023,90.94906290006179
415,19.32077106735443,13.383136024584639,428.38313602458464,434.67795210214
389,7.827673290751566,6.828001548475809,395.8280015484758,395.1597045823527
226,14.303539941116854,4.979545600971655,230.97954560097165,230.32286081086153
1086,15.599753400793713,8.796507383166468,1094.7965073831665,1099.4088864862047
1051,17.730367565685555,10.994024940338022,1061.994024940338,1062.5274257915755
1322,12.199067373908955,3.932615245837316,1325.9326152458373,1330.077670344581
699,17.895038500746317,8.188058122092311,707.1880581220923,706.958509466732
896,16.643801501714226,10.08340874721982,906.0834087472198,909.8670212201708
922,13.913581515315883,6.71379729097229,928.7137972909723,936.5103652084484
536,16.321489109877167,12.175598418019554,548.1755984180196,547.6200562564442
1218,10.641609605815574,7.153250437525488,1225.1532504375255,1226.900613635441
350,21.35535824837131,7.878651986103163,357.87865198610314,357.250267895108
1269,13.391687424707904,8.49317447647634,1277.4931744764763,1277.0004192652823
984,16.132543248360058,10.76516004666873,994.7651600466687,993.7349660267707
1166,14.809296559878414,12.32730165220953,1178.3273016522096,1183.553419407778
889,19.556813610873608,10.317261373814441,899.3172613738144,900.1694402586224
529,21.257282109071323,15.689237217318347,544.6892372173184,544.9090215407429
137,17.33358117002591,11.519100932578763,148.51910093257877,147.38889720790485
55,27.058383377892106,10.523377884510108,65.52337788451011,64.68708976578472
751,18.48365454615922,12.96722263208643,763.9672226320864,768.7562324479841
716,17.386753198682367,4.767007842165228,720.7670078421652,734.5512421538099
731,14.670126895545948,11.351966666003964,742.3519666660039,741.9383611325823
551,24.43843828670095,10.089896320291754,561.0898963202917,561.286923153169
693,16.365995995110218,11.32959597974719,704.3295959797472,704.4704389463046
701,15.948484656088311,8.249202020961985,709.249202020962,710.2875808719813
656,12.797017657669027,13.121855818029276,669.1218558180293,666.2174864941389
71,16.334934927638255,11.453339815836813,82.45333981583681,82.91500611054818
414,17.05381094787942,9.439589826216993,423.439589826217,423.63001371614206
1240,17.24609360642517,11.921191554735033,1251.921191554735,1252.0701635040623
389,17.26754356277234,7.053117897235961,396.05311789723595,409.71447424290653
12,17.495427827329713,7.838755429588488,19.83875542958849,27.970862811335085
574,15.899155397689531,11.46224178071453,585.4622417807145,586.1768515713511
121,5.0,11.209901170735845,132.20990117073583,126.85523456316956
144,22.98024245697778,8.929784310222916,152.9297843102229,163.45750890203118
462,16.499537191836314,6.3935514217717335,468.39355142177175,467.9978707100155
731,15.49534537961705,5.448081352964521,736.4480813529646,745.9258114245426
170,11.842576336573494,7.369208647649037,177.36920864764903,179.61300852714047
582,21.852048469919332,14.288373406132024,596.288373406132,596.4907022025548
1220,23.159284495445544,8.533937109546972,1228.533937109547,1229.8830634577155
1405,16.17012227176574,9.254414145776652,1414.2544141457768,1420.7058636346687
1027,20.82307495155178,10.00843154705837,1037.0084315470583,1038.5872151236706
607,17.497055345973013,9.158269966165573,616.1582699661656,616.3113925287566
1129,19.95354126851758,9.716623856673992,1138.716623856674,1149.7927612125657
415,20.208623320294258,11.750632909035662,426.7506329090357,437.901962767804
778,12.628272790482637,14.455657723038179,792.4556577230381,790.1448758876496
75,21.41181737057802,13.263219529701242,88.26321952970125,86.9700779859426
1070,17.861951555878377,12.5570354993853,1082.5570354993854,1087.8492587137328
1260,6.25626961931806,15.943242681787652,1275.9432426817878,1268.1419619627836
605,20.551744899571467,13.14612137924969,618.1461213792497,619.801528492338
98,18.18118687689463,8.467914190737512,106.46791419073752,114.02411273187063
893,10.525313232293174,8.218290483939093,901.2182904839391,901.1120689900971
240,11.543127512930322,13.135403645152808,253.13540364515282,252.16465135758972
998,22.06223700795711,17.287432966036462,1015.2874329660365,1022.6628633922284
702,19.23385387608247,3.618317738945514,705.6183177389455,706.8285612394524
16,13.654917267925887,7.90002461928451,23.90002461928451,22.832580273737957
519,5.072694897911189,8.169931067504931,527.1699310675049,518.2587184592679
194,13.125889716890969,15.812364690815272,209.8123646908153,206.81381018350461
460,21.643204141241156,10.93955342159494,470.93955342159495,481.29930827141857
837,14.151659206093889,6.866277340429853,843.8662773404299,842.1294609318859
1169,22.83898065598236,7.42149988059947,1176.4214998805994,1175.1043679606528
533,18.880139569217377,6.2075675949170135,539.207567594917,538.1141310128206
1010,7.666074046921615,8.49579355934309,1018.495793559343,1018.6991086157175
387,19.864982726665,11.403480175707873,398.4034801757079,400.48474980447463
988,16.229484134564522,3.0,991.0,990.5366776351634
162,9.826711897815333,13.158374670708142,175.15837467070816,175.38212299028245
1204,13.165861670464611,14.49332962372607,1218.4933296237261,1220.033070386402
143,20.529524929586362,9.636760115772868,152.63676011577286,152.67357226153825
1111,16.11144927900427,13.83659743994018,1124.83659743994,1128.4383447373073
1409,11.378767339708297,10.850770034568498,1419.8507700345685,1422.347587874925
1319,18.418362107084587,9.833657913658621,1328.8336579136587,1330.0723536827231
302,21.55577934056299,13.218660228978681,315.2186602289787,315.5440970884125
335,13.569156816560147,3.6554011149490284,338.65540111494903,347.7333377250284
200,5.0,13.585662014565145,213.58566201456514,205.9564045238035
1062,9.645737906577807,15.73425726141917,1077.734257261419,1070.5540527346357
568,10.648718882413874,10.55413142434325,578.5541314243433,580.5245499574352
279,18.5839939899475,3.6797137258015127,282.6797137258015,298.11113213701844
313,13.364737206229519,6.797095448197067,319.79709544819707,325.8056005976964
1045,24.507796275568353,10.734458121683618,1055.7344581216837,1070.7851166128546
163,20.290591625435752,13.912265380140985,176.91226538014098,178.75103380390735
122,10.988988578818994,8.873869133220737,130.87386913322075,130.96029455200693
1360,13.929127314322498,11.996250471075335,1371.9962504710754,1373.9374679075393
1424,11.199052755189568,10.861400062368958,1434.861400062369,1435.7428075912926
846,18.605676812727907,11.751864984634402,857.7518649846344,855.8474127443775
189,20.85099354598302,10.402889491743379,199.40288949174337,211.06780905358147
325,28.829898072196336,8.668793455418529,333.66879345541855,356.21974234192635
836,8.055459144854463,8.214689684056829,844.2146896840568,843.5869557779723
565,13.559805630389619,14.25559403544411,579.2555940354441,573.5841883173194
610,14.548129844407793,12.931955548192988,622.931955548193,620.9446153713327
705,13.712699075442874,13.617868053713625,718.6178680537137,719.7597212985246
946,21.740739243034856,7.705164277365149,953.7051642773652,968.1198669559042
275,10.036174121240897,11.596018596465829,286.59601859646585,286.95767965771284
1125,15.589422530516776,9.485947021589144,1134.4859470215893,1139.0810103677265
110,20.241051343808643,13.135753044619232,123.13575304461924,123.4855225652253
1223,27.77343162951058,8.073416042397186,1231.0734160423972,1251.1656945475584
438,10.479658551319998,11.972094890168712,449.9720948901687,445.9388410633611
805,6.218194841807527,10.535952185767105,815.5359521857671,817.2259621193708
1243,20.447109622450252,14.769516934542052,1257.769516934542,1258.343588155436
266,20.05351082293055,12.247131833578118,278.2471318335781,278.29403239926836
599,18.484927611715285,8.455122222037929,607.455122222038,619.2270790694065
259,22.129473748122944,8.262863991495552,267.2628639914956,267.94179528155485
1238,14.315022552787708,8.037399145372968,1246.037399145373,1254.3997434777732
312,12.030942959656475,9.503105769047103,321.5031057690471,320.25240970605887
797,15.10971904107666,7.066059368372425,804.0660593683724,804.0643276701468
499,10.361079454696196,9.281869445473255,508.28186944547326,505.77329445896044
1204,8.222762484438555,15.978497875810088,1219.97849787581,1219.1992022762886
1110,22.908494840607464,8.24930958305222,1118.2493095830523,1117.7293763485598
390,12.539649645256771,7.009548092509107,397.00954809250914,402.6691691686659
672,13.600948288114969,7.106386615269426,679.1063866152695,678.265995079064
729,18.382209082473857,7.692069926524196,736.6920699265241,736.4307408670727
919,15.924339419263173,14.172197462774628,933.1721974627746,934.0338335872726
1179,15.695301993267089,7.687788820897413,1186.6877888208974,1186.2474920337897
1210,21.870106710665624,5.371560573790099,1215.37156057379,1231.212782680341
541,5.119997761395831,9.862416221892936,550.8624162218929,544.4574562134911
221,8.040268796484218,6.966874706170567,227.96687470617056,226.7991480185603
598,20.89114046441281,7.050633596254475,605.0506335962544,615.6535298466974
597,5.0,7.05327976233044,604.0532797623305,602.7973903672445
861,12.553803835004526,7.975197943628343,868.9751979436284,868.5721219545633
171,15.658222834596423,8.231297848022797,179.2312978480228,184.07297214029188
363,12.339157184364051,10.977522556443773,373.9775225564438,375.1858703740173
604,14.714516945819733,12.200935440043889,616.2009354400438,616.0899165664367
223,15.606273415519658,11.72123326301324,234.72123326301323,236.053664582443
428,17.17071110131108,11.281401186062983,439.28140118606296,446.75312917933684
1274,12.458698245524346,8.222471304361209,1282.2224713043613,1282.4574491791775
1410,12.414084580969657,8.35550093209226,1418.3555009320924,1418.2278462505742
588,12.19696181576345,7.513217160985314,595.5132171609853,594.8915156047464
596,15.241401401997035,8.711177668125629,604.7111776681256,610.2113848492857
326,13.388207245773788,10.525860336801772,336.52586033680177,336.71475636802194
0,19.558826614210012,4.7998484138352575,4.7998484138352575,5.513068234231244
1368,14.60469008170862,5.087185247629985,1373.08718524763,1373.206785510297
170,20.528158457620354,12.765110455301059,182.76511045530106,183.73530728198637
1342,8.975321993859808,13.460771029950777,1355.4607710299508,1356.8471204272137
110,23.907683409835222,6.9840819295556,116.9840819295556,134.96571600961943
605,15.28477220127449,6.142952745259969,611.14295274526,611.1056403370134
849,18.103737776397118,13.120565694378257,862.1205656943782,868.7347398212856
494,14.759557463346137,16.031444903774734,510.03144490377474,506.7781672214579
1170,15.226113544999913,10.153593705643257,1180.1535937056433,1178.6262980152155
886,6.489328000126488,9.48909710346812,895.4890971034681,895.5286578617226
75,12.229723532936081,14.797470053585844,89.79747005358584,88.09926366204986
252,17.377153412633117,10.91836210303588,262.91836210303586,263.7026618727585
293,17.51372403745407,3.0,296.0,311.31062228316983
443,10.858012726031756,11.525697632074959,454.525697632075,456.15627960240505
84,21.840492408819063,6.4937769145206214,90.49377691452062,88.66209466731459
490,9.743450441803278,6.263438231495993,496.26343823149597,498.2835685499992
614,25.479217509045796,14.78332717524759,628.7833271752476,629.9880016152413
339,11.879506438371449,6.872615149206293,345.8726151492063,353.33235076743887
532,18.43532897929458,14.399622577835808,546.3996225778358,546.0014805672473
628,11.94038939294115,10.489630765082062,638.4896307650821,638.1202776550356
57,14.991317383621523,9.316336055348014,66.31633605534802,66.9568789904228
1378,15.615391008280906,7.331944020762377,1385.3319440207624,1386.710228114385
1058,14.809299572791755,10.149408372708498,1068.1494083727084,1068.378483060914
344,20.371590063577806,13.058775439092386,357.0587754390924,361.4176954442871
1048,16.603928629663418,10.582155830817623,1058.5821558308176,1063.4595404890765
871,11.04993598959462,7.553873115051637,878.5538731150516,879.9174661257962
20,24.601837510721307,6.331314941333308,26.331314941333307,24.84216852343418
955,15.47062133894638,5.233158151251671,960.2331581512517,973.4308389228555
620,14.463226046429918,12.998257098033733,632.9982570980337,636.9816925260035
524,20.732204352003638,8.807462083270414,532.8074620832704,544.1006395991234
190,16.680724815131143,9.317571220139776,199.31757122013977,198.84370634998024
1187,13.171001636032488,16.14943628735778,1203.1494362873577,1203.1501191063153
72,11.100735268891807,13.245954427749826,85.24595442774982,85.80565490016124
1229,15.93769392206981,12.597858051749935,1241.5978580517499,1241.3152819529635
798,14.523451394753247,11.25078850979445,809.2507885097945,810.4455513716714
870,19.47323593786936,14.167489143611787,884.1674891436118,884.9785774834013
1122,24.488835083729885,7.156321848193041,1129.156321848193,1145.486096540394
893,7.909700390155318,11.789323412745258,904.7893234127453,899.6411286947765
323,11.86008706758681,13.15355134044972,336.1535513404497,335.66553150133245
466,10.444130118245855,10.463451987157184,476.46345198715716,476.5737730930043
594,13.11328961526095,12.151850743476327,606.1518507434763,607.9293953089344
517,17.753987861368316,10.994455786065277,527.9944557860653,535.0375195792905
685,15.8024481198674,16.637593118191727,701.6375931181917,702.6274532587777
1189,11.924061621421965,9.956936600307554,1198.9569366003075,1198.8268139706176
565,21.015239261029624,12.326271199268124,577.3262711992681,585.7309461871484
1082,16.69343658960845,7.719480834654339,1089.7194808346544,1099.049270203628
1058,14.676556974837407,10.218622294046547,1068.2186222940466,1068.0148951660049
1253,24.032581053310047,11.61743235385045,1264.6174323538505,1278.9893209288496
574,15.455504333030612,15.419604014378,589.419604014378,592.0062858090287
223,14.241427832113855,7.704159814169974,230.70415981416997,232.44643008985454
1340,19.360985000364888,9.054739806417674,1349.0547398064177,1358.9191004773554
717,10.359286808604747,8.457750841858422,725.4577508418585,725.2494116877929
561,8.072858659427546,12.379856215495376,573.3798562154954,573.23948115659
983,16.538063340945982,10.180410933904877,993.1804109339049,1000.2332415460716
752,15.94423178565457,4.9774429035582894,756.9774429035583,756.8357731182017
764,8.702836947812182,7.986773719280368,771.9867737192803,771.8575284613278
385,16.074132530583007,8.314652515509955,393.31465251551,397.79807441571097
756,6.068122673226567,11.29436150198428,767.2943615019843,768.1725569657375
847,19.290070976510727,7.515411181104296,854.5154111811042,868.0832482849828
998,6.638751127163406,8.579613630473352,1006.5796136304733,1007.2603793791288
818,7.954465361220114,8.77409226238999,826.77409226239,826.0594115853996
250,17.606399525069072,10.44825842052759,260.44825842052757,267.0296151244685
96,9.821888262623357,13.321192708195404,109.32119270819541,109.44873510256592
160,13.884144142632898,8.242216980046734,168.24221698004675,168.57132375875688
317,21.264213172137417,8.655326151099551,325.65532615109953,327.5597596592743
425,11.973035380362305,10.93440268978316,435.93440268978316,437.83373226417183
761,12.259430258871378,10.124371363402267,771.1243713634022,774.5539652317524
581,5.706363144531645,10.744821798734337,591.7448217987344,583.4551644112128
51,12.922452418051545,11.942226635724408,62.94222663572441,63.091818653781104
1321,19.27868215587612,11.99410823599933,1332.9941082359994,1332.441187398632
1434,11.089982537444815,7.720890647559139,1441.7208906475591,1441.9562789081072
950,8.371031143228763,8.146967533715209,958.1469675337152,956.8997719294217
458,14.920410774988788,12.74803095937327,470.7480309593733,470.5977104991014
272,13.36651893406818,13.377078448050748,285.3770784480507,282.96824446537164
1301,10.081030411545889,12.972394265056622,1313.9723942650567,1315.6822224511336
491,14.156389109013649,7.618189977685498,498.6181899776855,495.8436531122511
987,14.178323970573045,10.636280059222525,997.6362800592225,996.7840784279009
451,7.686168464444396,8.984260057783136,459.98426005778316,461.8460486803313
1,12.437973926879412,7.306037075366834,8.306037075366834,14.747925095322792
1363,19.05399322795855,7.622893315587069,1370.6228933155871,1370.9619477667202
210,8.677507965225171,4.62068064239627,214.62068064239628,214.48652500030403
974,17.060545805101434,12.390987591166823,986.3909875911668,986.8417263812104
1092,17.017344590539587,8.351920435193675,1100.3519204351937,1100.3070274050713
1357,15.912505152996067,14.710394246739135,1371.710394246739,1372.656555881939
412,20.90945546479981,11.442724278246686,423.4427242782467,422.1933290751872
517,9.460084789785462,7.089627218861069,524.0896272188611,525.664969258802
916,10.159771207448774,9.06907688384529,925.0690768838452,924.2877801770222
55,9.875038430906185,12.265357731917677,67.26535773191767,69.88427179144932
283,14.250296404604454,5.700544556425864,288.7005445564259,296.5944125640697
1238,19.005404818940928,7.83575095076234,1245.8357509507623,1256.7097918118466
714,15.714046962212915,8.266748475537469,722.2667484755375,721.5427581437949
365,14.02304824411488,8.39148350012803,373.391483500128,378.4949727201261
1153,7.8172863297788275,8.260079202577527,1161.2600792025776,1159.2594070481464
817,13.424516334839453,10.958574012348866,827.9585740123489,833.731750871824
151,10.362178235687708,13.207838372717323,164.20783837271733,161.7791878780142
156,14.20192087375894,11.143732799434218,167.14373279943422,169.9300662940474
558,13.798358812834925,4.990396999978808,562.9903969999788,563.2920970088805
728,15.87768114789299,6.718257309363294,734.7182573093633,745.6354458160442
1154,18.49160407878101,9.241144902322707,1163.2411449023227,1173.8773192472559
830,17.912856594044026,12.596675346271725,842.5966753462717,849.228053557453
1331,17.284836822667348,13.938707961759352,1344.9387079617593,1344.3721407672303
821,15.275273109934808,8.331643759717657,829.3316437597176,829.201583466164
463,21.717451040920313,4.562996248687834,467.56299624868785,467.1742514234821
1094,26.75801026687226,10.891250354472504,1104.8912503544725,1106.5124772341987
198,12.662214450896581,9.95460979191709,207.95460979191708,208.03162054941004
458,10.163324015376475,13.681455022368379,471.68145502236837,472.135818729867
729,24.277516573971315,10.672704233605876,739.6727042336058,738.6367932485933
923,14.267207321541605,8.1149915536113,931.1149915536113,931.0146819126187
86,18.763411576430286,6.4376037947846845,92.43760379478468,102.40467333316505
557,15.861271932055187,14.556155058150381,571.5561550581504,574.1780569559002
77,5.697760000378466,12.592730844202679,89.59273084420268,81.99888134594455
122,11.137156256218796,5.303126630831644,127.30312663083164,128.32904461655093
479,12.93889627487765,12.74042119605222,491.74042119605224,492.1328366283994
442,14.278560286816301,6.529452009584076,448.5294520095841,458.1262486553383
580,16.572397362417025,15.514302123884907,595.5143021238849,595.4111007573092
404,11.943073763056859,12.04355695037234,416.04355695037236,416.9471123050506
471,10.60606555833946,13.248888313057334,484.2488883130573,483.3010735579289
118,18.027292084102676,8.175320477665721,126.17532047766572,126.53843610541024
882,11.525170043503177,9.91651736611218,891.9165173661122,892.9495923507108
1144,20.059235418197076,10.230949424221462,1154.2309494242215,1164.307380869636
391,14.232559840155163,3.8205850377750323,394.820585037775,394.27606287908065
635,7.575560508780564,5.7631170402104335,640.7631170402104,642.7559257837744
1031,12.224939402751565,13.992421726103233,1044.9924217261032,1044.0827801991134
853,18.054488369503986,4.073536686348588,857.0735366863486,872.5566872785187
215,7.4253786231497365,7.596799028800528,222.59679902880052,222.7324758997912
85,15.712519112880829,11.790586543222789,96.79058654322279,96.55828204948662
1074,14.46940242215334,15.113953017784405,1089.1139530177843,1089.1319698898287
56,17.36315172921703,9.700090660549291,65.7000906605493,64.1044538996596
731,11.42468389681287,8.170297711384233,739.1702977113843,740.4546976451788
737,15.993400047737035,5.673821374425371,742.6738213744254,740.7965972676201
575,18.35105827816655,10.215290292145156,585.2152902921451,584.9901900923863
595,10.788145971363281,16.50980976424163,611.5098097642416,602.9407806975954
621,21.05834243005463,5.354627629695186,626.3546276296952,641.0520286215061
176,7.942169224080215,10.841597021665775,186.84159702166576,185.97435626737413
1065,11.356737928399117,16.445448547446325,1081.4454485474464,1080.6360677263638
832,19.783515931928292,9.483510657165862,841.4835106571659,840.6226095486724
56,8.820811293238876,10.523126157025052,66.52312615702505,65.4594802802951
615,11.52758562068891,12.10210183636175,627.1021018363617,629.9167562808343
970,16.126659443739012,15.012975145865832,985.0129751458659,988.2600971038476
1227,13.390434294349548,10.662425523664274,1237.6624255236643,1238.3699894901258
543,15.67535939930897,6.316793975186435,549.3167939751864,548.3414137400171
365,19.68017827241954,7.024910009679068,372.02491000967905,383.41441772264994
1063,6.939905496637364,7.66264608891196,1070.662646088912,1069.1743551322807
899,9.798748665045974,11.689406365504778,910.6894063655047,909.3653195356388
1244,6.894402614719102,9.022822669788734,1253.0228226697886,1252.625984449044
634,17.343748921576427,11.900983074322177,645.9009830743222,645.2027833997112
335,12.066084852452573,12.983008239633786,347.98300823963376,346.4707326468927
352,10.50312936422673,10.239269580697648,362.2392695806976,360.78466308003385
283,14.100916843099798,10.485345737803774,293.48534573780375,294.9036759927442
1065,22.102521436355318,15.804043688241451,1080.8040436882416,1079.729738302015
1128,17.977454488196287,8.230315730611327,1136.2303157306114,1145.6543425209445
306,11.875617911172249,6.9824393057531084,312.98243930575313,311.2731296104621
100,20.274295346054434,9.439342508858047,109.43934250885805,110.5853726530001
771,11.113142575770468,6.662108316285584,777.6621083162856,777.6294179992844
1051,13.78650626087359,4.329969486451171,1055.329969486451,1054.1716834900851
858,6.592114501162797,10.6692626811415,868.6692626811415,866.704482780415
1113,23.421742580624905,13.000065145278466,1126.0000651452785,1125.2648641105152
198,23.28104126028648,10.357890115066052,208.35789011506606,208.2909302117689
381,14.445937198604563,8.835270839435383,389.8352708394354,395.5791223421079
688,5.0,11.856658894069461,699.8566588940695,696.2767194645419
910,18.46699852935943,9.732500255095095,919.7325002550951,921.3515095423825
1392,14.22692929226547,7.702570059823866,1399.7025700598238,1406.1578856926028
707,13.750950501578771,10.956390073476802,717.9563900734768,719.451296730584
667,15.420841150928482,7.436271458895025,674.436271458895,679.1414229131879
36,12.836130582058058,12.381455401431447,48.381455401431445,47.98851339962504
819,11.394749852385054,13.424886592988468,832.4248865929885,831.982731622752
991,8.354074333275587,9.816434686662936,1000.8164346866629,1002.9808897303064
1151,13.28560569221218,7.083542805392016,1158.083542805392,1159.0658622881474
48,14.510845939500282,6.6761749872550125,54.67617498725501,61.67759532826936
1329,14.68438493444376,9.520251931493679,1338.5202519314937,1345.5573931679048
1401,15.323105155902661,4.998530988467933,1405.998530988468,1416.1909951581076
91,22.479224588266234,3.0,94.0,94.57117940621922
155,14.00166786931301,4.87847582340739,159.8784758234074,160.56637579140332
276,23.20364470502767,6.860918604615384,282.8609186046154,294.9050176031914
236,6.47565699134692,10.221798361091507,246.22179836109152,245.96545768271903
1391,12.309761207549307,9.520944437535102,1400.520944437535,1404.1698925819
200,13.39768725120178,10.074290614287408,210.0742906142874,211.93093805084936
836,12.591170144532624,15.965001980741789,851.9650019807418,854.2455012872194
428,14.618051818665833,9.557441306145831,437.55744130614585,437.0255519486441
722,13.67120090643554,5.287355628622263,727.2873556286222,738.3823467778562
1302,7.184828467143732,6.461621006476658,1308.4616210064767,1308.376801331817
418,22.550553399652053,4.474306681126428,422.47430668112645,442.3346885991155
1344,17.945889171006893,7.795890890019953,1351.79589089002,1351.4987819428216
102,13.316766978173572,3.0,105.0,116.49959799674635
1050,19.860454093782305,13.910300324547212,1063.9103003245473,1069.2425968050827
1185,7.0785805368667845,7.728619459551849,1192.7286194595517,1192.4909084174058
510,23.19395965666963,11.83017630266861,521.8301763026686,522.9351947415203
1421,25.928899061355835,12.278544662458323,1433.2785446624582,1446.3453817968389
408,12.282035381381714,7.7137141451630455,415.71371414516307,415.35660695291415
87,13.776577455829344,11.237891869197627,98.23789186919763,97.63549024706326
617,9.967047917951145,8.240917942086119,625.2409179420861,625.1727945169181
585,16.81985315426369,16.632672978402343,601.6326729784023,602.5252322339089
326,20.79690521650261,12.919304683045215,338.9193046830452,347.32133468097635
709,11.950318527766697,10.990596022496781,719.9905960224968,719.9852285501033
417,14.304748401064007,13.615286960350087,430.6152869603501,431.82189511521403
1399,7.364160717051762,7.022333158708362,1406.0223331587083,1408.2322282369964
991,10.129390768918158,12.110283750361926,1003.1102837503619,1003.403932524225
954,14.663852189245066,5.699422083134513,959.6994220831346,957.5943108950718
687,9.314106120987198,7.321511208045761,694.3215112080458,697.3035174285372
845,16.91717515701822,8.329213576945115,853.3292135769451,860.5971112435665
769,14.900631823158442,9.678205702567174,778.6782057025672,779.7248805298482
1390,18.801067481650588,13.420940245007824,1403.4209402450078,1405.9198076311736
1080,17.11054296744953,14.670645509640078,1094.67064550964,1092.6072423571607
522,13.413247538787326,7.585603754275344,529.5856037542753,536.510948390405
1139,11.730508058372118,10.081940139554316,1149.0819401395543,1147.1160111454074
446,14.585696637320423,3.8913384914321902,449.8913384914322,449.9388319596838
395,17.02106432638666,12.147618234072878,407.14761823407287,407.7970487002759
213,17.908894798594446,7.100429797218808,220.1004297972188,222.12335308610486
48,12.016854706941348,16.293818017397292,64.29381801739729,60.210206949221806
372,13.380337495238908,9.992560506630518,381.9925605066305,383.1087485710644
681,13.594973429849658,9.405800507425672,690.4058005074256,700.780255986775
680,7.677788832931663,11.250916222151373,691.2509162221513,691.0144840420718
742,17.12797126731398,13.324128575149702,755.3241285751498,754.7166562875294
564,12.978190036549886,9.08755739293659,573.0875573929366,575.0107378272279
